<?xml version="1.0" encoding="UTF-8"?>
<beans xmlns="http://www.springframework.org/schema/beans"
	xmlns:xsi="http://www.w3.org/2001/XMLSchema-instance" xmlns:c="http://www.springframework.org/schema/c"
	xmlns:context="http://www.springframework.org/schema/context"
	xmlns:flow="http://www.springframework.org/schema/webflow-config"
	xmlns:jee="http://www.springframework.org/schema/jee" xmlns:p="http://www.springframework.org/schema/p"
	xmlns:tx="http://www.springframework.org/schema/tx" xmlns:util="http://www.springframework.org/schema/util"

	xsi:schemaLocation="http://www.springframework.org/schema/beans http://www.springframework.org/schema/beans/spring-beans-3.0.xsd
          http://www.springframework.org/schema/context http://www.springframework.org/schema/context/spring-context.xsd
          http://www.springframework.org/schema/webflow-config http://www.springframework.org/schema/webflow-config/spring-webflow-config.xsd
          http://www.springframework.org/schema/jee http://www.springframework.org/schema/jee/spring-jee.xsd
          http://www.springframework.org/schema/tx http://www.springframework.org/schema/tx/spring-tx-3.0.xsd">


	<bean id="sessionFactory"
		class="org.springframework.orm.hibernate4.LocalSessionFactoryBean">
		<property name="dataSource" ref="dataSource" />
		<property name="packagesToScan">
			<list>
				<value>com.niit</value>
			</list>
		</property>
		<property name="hibernateProperties">

			<props>

				<prop key="hibernate.dialect">org.hibernate.dialect.H2Dialect</prop>
				<prop key="hibernate.show_sql">true</prop>
				<prop key="hibernate.hbm2ddl.auto">update</prop>
			</props>

		</property>

	</bean>

	<bean id="dataSource" class="org.apache.commons.dbcp.BasicDataSource">
		<property name="driverClassName" value="org.h2.Driver"></property>
		<property name="url" value="jdbc:h2:tcp://localhost/~/test"></property>
		<property name="username" value="sa"></property>
		<property name="password" value=""></property>
	</bean>
	<context:component-scan base-package="com.niit.model" />
	<context:component-scan base-package="com.niit.dao" />
	<context:component-scan base-package="com.niit.service" />
	<context:component-scan base-package="com.niit.controller" />

	<tx:annotation-driven />
	<bean id="transactionManager"
		class="org.springframework.orm.hibernate4.HibernateTransactionManager">
		<property name="sessionFactory" ref="sessionFactory"></property>
	</bean>
 <bean id="multipartResolver"
        class="org.springframework.web.multipart.commons.CommonsMultipartResolver">
 
         <!-- setting maximum upload size -->
        <property name="maxUploadSize" value="10000000" />
  </bean>
 
</beans>
