<?xml version="1.0" encoding="UTF-8"?>
<flow xmlns="http://www.springframework.org/schema/webflow"
	xmlns:xsi="http://www.w3.org/2001/XMLSchema-instance"
	xsi:schemaLocation="http://www.springframework.org/schema/webflow
                          http://www.springframework.org/schema/webflow/spring-webflow-2.0.xsd">


	<view-state id="viewproduct">
		<transition on="addtocart" to="purchase" />
	</view-state>
	<view-state id="purchase">
		<transition on="confirm" to="productdelivery" />
		<transition on="cancel" to="cindex" />
	</view-state>
	<end-state id="productdelivery" />
	<end-state id="cindex" />
</flow>